session_id,agent_id,timestamp,model,provider,task_type,quality_score,quality_label,score_completion,score_execution,score_efficiency,score_outcome,total_cost,roi,total_input_tokens,total_output_tokens,tool_calls_total,tool_calls_success,tool_calls_error,assistant_turns,artifacts_produced,alert
b2a451fb-ae39-4b47-89b4-ac2cae15a95e,stephan,2026-02-16T05:15:06.595Z,anthropic/claude-opus-4.6,openrouter,research,0.4808,poor,0.8333,0.75,0.8,0.0,0.11719500000000001,4.1,23354,17,0,0,0,2,0,False
39f16cac-1065-4049-841b-9d8c7328c534,main,2026-02-21T09:05:50.230Z,,,research,0.5625,poor,1.0,0.75,1.0,0.0,0.0,,20,4,0,0,0,2,0,False
44a10309-e694-4234-a4e9-09768df9fc1d,main,2026-02-21T23:06:59.852Z,,,research,0.5625,poor,1.0,0.75,1.0,0.0,0.0,,6,14,0,0,0,2,0,False
8b8c0573-3a07-4c7c-bc73-578bcb780bff,main,2026-02-21T21:05:39.167Z,,,discovery,0.5925,poor,1.0,0.75,0.9,0.0,0.0,,32,30,0,0,0,6,0,False
4e2f03a1-9dc3-4539-a9cb-3aa6b7e3fce6,xavier,2026-02-21T23:18:46.348Z,,,operations,0.5942,poor,0.5333,0.75,0.875,0.0,0.0,,0,0,0,0,0,1,0,False
414b6111-ed5a-4219-b323-4efabbb53f4e,xavier,2026-02-21T15:00:00.092Z,anthropic/claude-opus-4-6,openrouter,operations,0.5942,poor,0.5333,0.75,0.875,0.0,0.0,,0,0,0,0,0,1,0,False
9fa0f73e-acff-4cb1-ba34-075c07ed8473,main,2026-02-21T23:16:18.502Z,,,operations,0.5942,poor,0.5333,0.75,0.875,0.0,0.0,,0,0,0,0,0,1,0,False
5ddb0498-96f2-4cb6-9244-dd3884960e72,xavier,2026-02-22T03:28:46.342Z,,,operations,0.6354,acceptable,1.0,0.2014,0.85,0.6,0.0,,15,180,7,1,6,11,0,False
399e756e-84e4-438f-8fbb-0a2a2f79d8a2,stephan,2026-02-21T16:05:55.068Z,,,heartbeat,0.6387,acceptable,1.0,0.13,0.875,0.0,0.0,,31,4,2,0,4,4,0,False
16938289-0472-463a-a8b9-ea57f7c55796,jerry,2026-02-21T05:14:36.623Z,MiniMax-M2.5,minimax-portal,operations,0.659,acceptable,1.0,0.38,0.75,0.6,0.0,,1442,1353,3,1,2,6,0,False
ef7b59a1-e728-404e-ad92-d9a33c269169,xavier,2026-02-22T02:43:46.289Z,,,operations,0.659,acceptable,1.0,0.23,0.9,0.6,0.0,,12,138,5,1,4,8,0,False
590f4a59-c4dd-477b-ba53-d50c1d7ad395,xavier,2026-02-22T02:48:46.374Z,,,operations,0.659,acceptable,1.0,0.23,0.9,0.6,0.0,,13,116,5,1,4,9,0,False
dfa3aa9c-dbc0-4d1c-b96c-63511b597b7f,xavier,2026-02-22T02:28:46.341Z,,,operations,0.659,acceptable,1.0,0.23,0.9,0.6,0.0,,13,116,5,1,4,9,0,False
f6048a2c-87e4-48ea-aeef-95a737f56bb0,stephan,2026-02-22T03:47:25.839Z,,,operations,0.6665,acceptable,1.0,0.255,0.9,0.6,0.0,,33,1724,4,1,3,6,0,False
bd93c93f-11f9-49df-aedf-ecff536cd1b3,xavier,2026-02-22T02:53:46.285Z,,,operations,0.6665,acceptable,1.0,0.255,0.9,0.6,0.0,,11,96,4,1,3,7,0,False
88a4ab1a-b5b8-432c-8edc-049d9bc40ac2,xavier,2026-02-22T03:18:46.329Z,,,operations,0.6665,acceptable,1.0,0.255,0.9,0.6,0.0,,11,98,4,1,3,7,0,False
2b7ae2cb-bc69-4e58-af53-6ba0722dbbe5,xavier,2026-02-22T03:38:46.340Z,,,operations,0.6665,acceptable,1.0,0.255,0.9,0.6,0.0,,11,121,4,1,3,7,0,False
b5eee65f-3e03-48e6-8b73-82c238ccddab,main,2026-02-22T02:10:45.418Z,,,operations,0.6744,acceptable,0.8333,0.4425,0.85,0.6,0.0,,38,196,8,4,4,16,0,False
6f8e3773-5e81-4880-816b-f0c33feca86c,main,2026-02-16T01:15:31.741Z,MiniMax-M2.5,minimax-portal,operations,0.68,acceptable,1.0,0.75,0.85,0.0,0.0,,28,288,0,0,0,1,0,False
b65b22ab-a112-4b1b-83a6-af3f9bdc067f,xavier,2026-02-22T00:43:46.284Z,,,operations,0.689,acceptable,1.0,0.38,0.85,0.6,0.0,,17,253,9,3,6,13,0,False
a1343b0c-e058-44bb-8acc-693e6e3dcf35,xavier,2026-02-22T02:23:46.349Z,,,operations,0.689,acceptable,1.0,0.38,0.85,0.6,0.0,,27,306,14,5,9,23,0,False
910328c4-6e17-4961-b8c5-4caf4126c08a,main,2026-02-21T12:51:53.603Z,,,operations,0.6917,acceptable,0.8333,0.75,1.0,0.0,0.0,,6,12,0,0,0,2,0,False
c0e55764-70b7-4237-a9de-da47b2d2a491,main,2026-02-18T14:24:29.175Z,MiniMax-M2.5,minimax-portal,operations,0.6965,acceptable,1.0,0.505,0.75,0.6,0.0,,41394,1805,6,3,3,6,0,False
2428296c-ebb1-49ae-b3c1-cb6d777ae3c4,tyler,2026-02-21T15:46:40.959Z,glm-5,zai,operations,0.7025,acceptable,1.0,0.75,0.925,0.0,0.0068816,102.08,4456,486,0,0,0,1,0,False
94b267aa-5528-4c53-9207-736e20d7d5e1,julia,2026-02-21T15:46:37.483Z,,,operations,0.7025,acceptable,1.0,0.75,0.925,0.0,0.0,,20,2,0,0,0,2,0,False
3793a297-d0b1-47aa-92ff-5243194fb805,main,2026-02-20T13:52:48.167Z,MiniMax-M2.5,minimax-portal,operations,0.703,acceptable,1.0,0.5767,0.7,0.6,0.0,,67825,1423,12,7,5,7,0,False
3b1d6a84-8795-48d5-ba1a-39cc66cb6f86,main,2026-02-22T03:11:43.388Z,,,heartbeat,0.7087,acceptable,0.8333,0.255,0.9,0.8,0.0,,25,112,4,1,3,7,0,False
bdd44175-1559-432b-a933-95e723b9fb73,main,2026-02-22T01:45:57.829Z,,,heartbeat,0.7087,acceptable,0.8333,0.255,0.9,0.8,0.0,,25,106,4,1,3,7,0,False
e2b192a8-89d7-45da-bd31-ac6d26a6e89c,main,2026-02-22T02:55:57.776Z,,,heartbeat,0.7087,acceptable,0.8333,0.255,0.9,0.8,0.0,,25,112,4,1,3,7,0,False
2e205aa7-a878-43ee-b241-b4b95f192b43,main,2026-02-22T02:30:58.197Z,,,heartbeat,0.7087,acceptable,0.8333,0.255,0.9,0.8,0.0,,25,106,4,1,3,7,0,False
de3b1b78-dd84-47bc-ae6e-5cb5040d4b99,main,2026-02-22T03:20:57.776Z,,,heartbeat,0.7087,acceptable,0.8333,0.255,0.9,0.8,0.0,,25,102,4,1,3,7,0,False
a017e597-0052-46a7-85eb-cb4e48a2a5ba,xavier,2026-02-22T01:13:46.340Z,,,operations,0.7104,acceptable,1.0,0.4514,0.85,0.6,0.0,,15,180,7,3,4,11,0,False
6631d094-6a18-4800-b9eb-3461bbb04169,main,2026-02-18T14:21:46.692Z,MiniMax-M2.5,minimax-portal,operations,0.7119,acceptable,1.0,0.6064,0.7,0.6,0.0,,71872,1694,14,9,5,9,0,False
3739f81e-9a6d-4ede-8a71-ce67d3c7f797,luis,2026-02-21T10:15:33.560Z,anthropic/claude-opus-4-6,openrouter,operations,0.713,acceptable,1.0,0.66,0.65,0.6,0.0,,67203,72,3,2,1,22,0,False
18fbb9e0-3034-4a74-a09e-b2e9f7490c98,xavier,2026-02-22T03:09:42.633Z,,,operations,0.7183,acceptable,1.0,0.4778,0.85,0.6,0.0,,41,579,23,11,12,37,0,False
1b512894-32db-4f9f-86f2-39964980f0c4,harry,2026-02-21T17:23:12.509Z,gemini-3-flash-preview,google,heartbeat,0.7188,acceptable,0.8333,0.505,0.75,0.8,0.03034555,23.69,57105,55,2,1,1,3,0,False
8b0d7715-9bfe-4d4c-b595-35cfe0334a1e,xavier,2026-02-22T03:43:46.300Z,,,operations,0.719,acceptable,1.0,0.38,0.95,0.6,0.0,,9,58,2,1,1,5,0,False
08b6cc38-785c-4858-bda7-04adea5bef54,xavier,2026-02-22T03:33:46.344Z,,,operations,0.719,acceptable,1.0,0.38,0.95,0.6,0.0,,9,44,2,1,1,5,0,False
0ff5d8e1-823c-406a-8d6a-e2876ca579ff,xavier,2026-02-22T02:58:46.333Z,,,operations,0.719,acceptable,1.0,0.38,0.95,0.6,0.0,,9,46,2,1,1,5,0,False
a16e7ffc-c5c9-47d0-a164-951f9363f3e5,main,2026-02-22T03:30:57.872Z,,,heartbeat,0.7192,acceptable,0.8333,0.2967,0.9,0.8,0.0,,24,80,3,1,2,6,0,False
93c72a77-ad55-453f-ac22-dc94d08861e7,xavier,2026-02-22T03:03:46.359Z,,,operations,0.7202,acceptable,1.0,0.4842,0.85,0.6,0.0,,21,306,12,6,6,17,0,False
e4b85741-24cd-453b-8f44-3433d99b5262,xavier,2026-02-21T22:19:49.762Z,,,chat,0.7204,acceptable,0.8667,0.75,0.775,0.2,0.0,,0,0,0,0,0,8,0,False
489df0ed-6b47-481e-8b1d-8a1d4f143f9e,main,2026-02-21T15:05:12.830Z,,,coding,0.723,acceptable,1.0,0.8774,0.65,0.6,0.0,,686643,5528,58,53,5,67,1,False
bbb03dcc-df98-49af-9194-1993b051bcc8,robert,2026-02-22T03:47:27.301Z,MiniMax-M2.5,minimax-portal,operations,0.725,acceptable,1.0,0.75,1.0,0.0,0.0,,24,469,0,0,0,1,0,False
9cd233c1-1762-4dee-9f6a-f9db89bd8eb8,main,2026-02-21T16:04:37.813Z,,,operations,0.725,acceptable,1.0,0.75,1.0,0.0,0.0,,20,4,0,0,0,2,0,False
51f88c4d-5f58-493e-afe8-105bd4c2502c,amadeus,2026-02-21T15:46:44.985Z,,,operations,0.725,acceptable,1.0,0.75,1.0,0.0,0.0,,20,6,0,0,0,2,0,False
78fe182d-23b3-4c70-a63b-aa86f48ea262,main,2026-02-18T14:27:13.501Z,MiniMax-M2.5,minimax-portal,operations,0.7265,acceptable,1.0,0.505,0.85,0.6,0.0,,6835,894,2,1,1,2,0,False
5965e255-ab02-4abb-93b1-40396c16dd54,main,2026-02-16T04:04:20.024Z,MiniMax-M2.5,minimax-portal,operations,0.7265,acceptable,1.0,0.705,0.65,0.6,0.0,,2462135,9970,25,21,4,31,1,False
2f869897-69a2-4dac-971f-03772095a6df,main,2026-02-20T21:30:00.167Z,MiniMax-M2.5,minimax-portal,operations,0.728,acceptable,1.0,0.66,0.7,0.6,0.0,,135646,2476,13,9,4,9,0,False
b2372394-c8ce-4e1d-87ca-9038c37b3ae7,sandy,2026-02-21T05:14:26.496Z,glm-5,zai,chat,0.731,acceptable,1.0,0.13,0.8,0.7,0.023672400000000003,30.88,15106,1241,1,0,1,4,0,False
c808c907-4625-427f-b6d5-6c65a4a2a2c6,main,2026-02-22T02:06:47.787Z,,,chat,0.7329,acceptable,0.8667,0.75,0.825,0.2,0.0,,0,0,0,0,0,3,0,False
6d5b9b77-cb42-461d-bf35-88cee93ddcb8,main,2026-02-22T02:07:42.082Z,,,chat,0.7329,acceptable,0.8667,0.75,0.825,0.2,0.0,,0,0,0,0,0,3,0,False
aac9a831-3e3b-4adc-9c3e-536eb6388a94,main,2026-02-22T02:08:20.247Z,,,chat,0.7329,acceptable,0.8667,0.75,0.825,0.2,0.0,,0,0,0,0,0,3,0,False
757a0dd6-aef5-46a1-9734-cefcfb71ec7a,main,2026-02-22T02:07:02.007Z,,,chat,0.7329,acceptable,0.8667,0.75,0.825,0.2,0.0,,0,0,0,0,0,3,0,False
10ad446f-3093-43cf-a40a-8840afd07684,main,2026-02-22T02:07:13.330Z,,,chat,0.7329,acceptable,0.8667,0.75,0.825,0.2,0.0,,0,0,0,0,0,3,0,False
a5d8361f-da9d-4270-a343-d25997e119dd,main,2026-02-22T02:07:55.303Z,,,chat,0.7329,acceptable,0.8667,0.75,0.825,0.2,0.0,,0,0,0,0,0,3,0,False
0a0d46a1-6f11-4b7b-ba72-35a515773ee9,main,2026-02-22T02:08:05.447Z,,,chat,0.7329,acceptable,0.8667,0.75,0.825,0.2,0.0,,0,0,0,0,0,3,0,False
0f580cea-f49c-45fc-8f37-952cf16c4135,tim,2026-02-21T19:18:06.738Z,gpt-5.3-codex,openai-codex,coding,0.7335,acceptable,1.0,0.855,0.75,0.6,0.07382655,9.94,20233,1573,10,9,1,6,2,False
6c9085b4-93f9-4c98-a2b1-eb19d67d8633,tim,2026-02-21T09:11:42.488Z,gpt-5.3-codex,openai-codex,coding,0.735,acceptable,1.0,0.9,0.7,0.6,0.5093416999999999,1.44,168014,8975,35,35,0,25,0,False
0dfbfec6-fbc6-486e-b269-4670f7cc3ba6,tim,2026-02-21T18:33:06.717Z,gpt-5.3-codex,openai-codex,coding,0.7368,acceptable,1.0,0.8717,0.75,0.6,0.0829542,8.88,25348,1776,12,11,1,6,2,False
b4fa5f56-d115-41c1-b7c0-8d215cf79049,main,2026-02-16T04:01:31.624Z,MiniMax-M2.5,minimax-portal,operations,0.743,acceptable,1.0,0.66,0.75,0.6,0.0,,118372,1170,9,6,3,5,0,False
77445e1b-f6b9-41e3-81bb-dd0647e9f03a,main,2026-02-20T13:55:18.121Z,MiniMax-M2.5,minimax-portal,operations,0.743,acceptable,1.0,0.61,0.8,0.6,0.0,,26733,1255,5,3,2,5,0,False
cb493f32-c5d6-4998-be46-069570f78350,xavier,2026-02-22T02:18:46.348Z,,,operations,0.7442,acceptable,1.0,0.5638,0.85,0.6,0.0,,21,332,13,7,6,17,0,False
219e9cb2-310d-4894-86e9-0371bf64c5d2,main,2026-02-21T21:36:59.955Z,,,chat,0.7446,acceptable,0.8333,0.75,0.925,0.2,0.0,,20,2,0,0,0,2,0,False
0f63d4c3-6eec-4d60-b9b9-906656fb7bdb,xavier,2026-02-21T22:29:17.152Z,,,chat,0.7454,acceptable,0.8667,0.75,0.875,0.2,0.0,,0,0,0,0,0,1,0,False
b1929414-679f-4db0-b11a-d6a8532114a0,julia,2026-02-22T04:01:17.883Z,,,chat,0.7454,acceptable,0.8667,0.75,0.875,0.2,0.0,,0,0,0,0,0,1,0,False
08138aa2-f4ec-4b64-b8ab-200fda63a5d0,main,2026-02-21T15:38:39.866Z,MiniMax-M2.5,minimax-portal,coding,0.7475,acceptable,1.0,1.0,0.65,0.6,0.0,,544755,2785,27,27,0,27,1,False
c20725d3-5f2e-4522-b75b-265df1470d51,tyler,2026-02-21T04:19:12.505Z,MiniMax-M2.5,minimax-portal,chat,0.7498,acceptable,1.0,0.13,0.875,0.7,0.0,,514,730,1,0,1,3,1,False
a0fa6781-fa77-4e41-9727-18e4367a25ae,robert,2026-02-21T05:13:57.917Z,gemini-3-pro-preview,google,chat,0.7498,acceptable,1.0,0.13,0.875,0.7,0.1502812,4.99,48762,3969,1,0,1,4,1,False
c2a89c10-eda4-4795-9d5a-f436b95a72ad,amadeus,2026-02-21T15:18:51.553Z,glm-5,zai,operations,0.7509,good,1.0,0.6863,0.75,0.6,0.073581,10.21,57789,1931,19,14,5,8,0,False
24182d11-beae-45f9-be37-0f8b346c2d58,joey,2026-02-21T15:00:02.993Z,claude-sonnet-4-6,anthropic,operations,0.7528,good,1.0,0.6926,0.75,0.6,0.1239614,6.07,86979,3545,23,17,6,10,2,False
53704ec5-daa5-4a84-be73-0b7b11b9f250,amadeus,2026-02-22T03:47:23.665Z,,,operations,0.7563,good,1.0,0.6044,0.85,0.6,0.0,,48,1066,9,6,3,12,0,False
e1a6529c-253a-46d7-827c-b12b4a8de111,main,2026-02-22T02:50:57.705Z,,,heartbeat,0.7575,good,0.8333,0.38,0.95,0.8,0.0,,23,54,2,1,1,5,0,False
19f8886d-1a2b-4ae5-86bd-d0adba35a05f,main,2026-02-22T02:45:57.756Z,,,heartbeat,0.7575,good,0.8333,0.38,0.95,0.8,0.0,,23,54,2,1,1,5,0,False
768574e4-e817-498b-a11d-826e93db5d05,main,2026-02-22T02:25:57.827Z,,,heartbeat,0.7575,good,0.8333,0.38,0.95,0.8,0.0,,23,48,2,1,1,5,0,False
a739112e-0a5e-4d1b-9fab-60a0062235c5,main,2026-02-22T02:40:57.765Z,,,heartbeat,0.7575,good,0.8333,0.38,0.95,0.8,0.0,,23,54,2,1,1,5,0,False
c692261f-a88b-4345-9ebc-ddaa2ad2c422,main,2026-02-22T03:09:27.953Z,,,heartbeat,0.7575,good,0.8333,0.38,0.95,0.8,0.0,,23,54,2,1,1,5,0,False
652ba41c-8b00-4d63-aa07-7bc8f9227a0d,main,2026-02-21T23:50:57.836Z,,,heartbeat,0.7575,good,0.8333,0.38,0.95,0.8,0.0,,9,60,2,1,1,5,0,False
03fde171-fff3-43d6-bcfd-0c10bb3b4ab7,main,2026-02-22T02:15:57.758Z,,,heartbeat,0.7575,good,0.8333,0.38,0.95,0.8,0.0,,23,48,2,1,1,5,0,False
fed9de86-67a1-4cb3-bd18-eb123a6d9ef9,main,2026-02-22T02:20:57.743Z,,,heartbeat,0.7575,good,0.8333,0.38,0.95,0.8,0.0,,23,54,2,1,1,5,0,False
88c26825-a47f-4f23-9792-cda44486574a,main,2026-02-22T00:15:17.480Z,,,heartbeat,0.7575,good,0.8333,0.38,0.95,0.8,0.0,,9,64,2,1,1,5,0,False
223541c4-d3ad-4658-82ac-c54c839a2a52,main,2026-02-22T00:25:57.906Z,,,heartbeat,0.7575,good,0.8333,0.38,0.95,0.8,0.0,,9,70,2,1,1,5,0,False
b3c3e885-0b5d-44f9-a085-9fb721fae18d,main,2026-02-22T00:43:19.551Z,,,heartbeat,0.7575,good,0.8333,0.38,0.95,0.8,0.0,,9,64,2,1,1,5,0,False
6ed199ee-0582-4f61-be4f-a4004f6e0b99,main,2026-02-22T01:56:25.744Z,,,heartbeat,0.7575,good,0.8333,0.38,0.95,0.8,0.0,,23,44,2,1,1,5,0,False
db4b6255-3836-40b8-8c63-b164448d5b8b,main,2026-02-22T03:40:57.786Z,,,heartbeat,0.7575,good,0.8333,0.38,0.95,0.8,0.0,,23,54,2,1,1,5,0,False
daf6c257-c2cc-4e30-ba50-0fe9cfd21c9f,main,2026-02-22T03:45:57.744Z,,,heartbeat,0.7575,good,0.8333,0.38,0.95,0.8,0.0,,23,44,2,1,1,5,0,False
9085187e-37ce-4f63-ba4f-3e34bdcf1223,main,2026-02-21T23:45:57.848Z,,,heartbeat,0.7575,good,0.8333,0.38,0.95,0.8,0.0,,9,70,2,1,1,5,0,False
f0fb1bc9-0615-4d91-ab42-617e20fc2568,main,2026-02-22T02:35:58.740Z,,,heartbeat,0.7575,good,0.8333,0.38,0.95,0.8,0.0,,23,54,2,1,1,5,0,False
f20be465-cc29-4ec0-b9d6-45ac26cec578,main,2026-02-22T03:35:57.794Z,,,heartbeat,0.7575,good,0.8333,0.38,0.95,0.8,0.0,,23,54,2,1,1,5,0,False
af11b52d-8383-4347-a5e7-8674ddd2b7de,main,2026-02-22T01:25:57.729Z,,,heartbeat,0.7575,good,0.8333,0.38,0.95,0.8,0.0,,9,54,2,1,1,5,0,False
a4cdff74-f139-4017-ae39-39288ec3fa6f,main,2026-02-21T23:40:57.779Z,,,heartbeat,0.7575,good,0.8333,0.38,0.95,0.8,0.0,,9,70,2,1,1,5,0,False
c00e409a-a296-45f4-9b91-318d281ed118,main,2026-02-22T01:36:56.326Z,,,heartbeat,0.7575,good,0.8333,0.38,0.95,0.8,0.0,,9,64,2,1,1,5,0,False
d5ec01dd-7b10-4e52-9d65-0f29499553e1,main,2026-02-21T23:55:57.860Z,,,heartbeat,0.7575,good,0.8333,0.38,0.95,0.8,0.0,,9,60,2,1,1,5,0,False
635dba89-eb64-4744-9196-8a415bdf3233,main,2026-02-22T03:25:57.771Z,,,heartbeat,0.7575,good,0.8333,0.38,0.95,0.8,0.0,,23,44,2,1,1,5,0,False
3b0176d4-4fdc-42b6-9f4b-ea6259821864,main,2026-02-22T00:45:57.750Z,,,heartbeat,0.7575,good,0.8333,0.38,0.95,0.8,0.0,,9,64,2,1,1,5,0,False
2575f011-1ebd-45dc-9c11-68a347bce210,main,2026-02-22T03:00:57.842Z,,,heartbeat,0.7575,good,0.8333,0.38,0.95,0.8,0.0,,23,54,2,1,1,5,0,False
906ae4ae-d3df-4d82-9d61-3b0b90a11ff3,main,2026-02-22T01:40:57.719Z,,,heartbeat,0.7575,good,0.8333,0.38,0.95,0.8,0.0,,23,54,2,1,1,5,0,False
7683e10d-a0d5-47f3-9391-d8c0245abc6a,main,2026-02-21T23:35:57.863Z,,,heartbeat,0.7575,good,0.8333,0.38,0.95,0.8,0.0,,9,66,2,1,1,5,0,False
45ae5bdd-bf36-4177-babd-c35b3049ae04,main,2026-02-22T00:30:57.793Z,,,heartbeat,0.7575,good,0.8333,0.38,0.95,0.8,0.0,,9,64,2,1,1,5,0,False
9340b777-95de-4cef-b43c-3a3c0ffd5c71,main,2026-02-22T03:16:26.869Z,,,heartbeat,0.7575,good,0.8333,0.38,0.95,0.8,0.0,,23,54,2,1,1,5,0,False
602dadc4-1baf-4008-8119-c61d056b1a38,main,2026-02-22T00:35:57.838Z,,,heartbeat,0.7575,good,0.8333,0.38,0.95,0.8,0.0,,9,66,2,1,1,5,0,False
f6bd4252-b0e6-476b-abfa-859d2459f781,main,2026-02-22T01:10:57.751Z,,,heartbeat,0.7575,good,0.8333,0.38,0.95,0.8,0.0,,9,66,2,1,1,5,0,False
2eed63cf-decf-41e4-8c64-942c0a9ee49f,main,2026-02-22T00:16:12.440Z,,,heartbeat,0.7575,good,0.8333,0.38,0.95,0.8,0.0,,9,60,2,1,1,5,0,False
03902a10-c6c4-475d-8ac7-b5f0b43124fb,xavier,2026-02-22T02:38:46.380Z,,,operations,0.758,good,1.0,0.61,0.85,0.6,0.0,,27,368,15,9,6,23,0,False
22c90622-f2a0-4937-9822-d1b2e5702b55,main,2026-02-20T13:56:35.722Z,MiniMax-M2.5,minimax-portal,operations,0.758,good,1.0,0.66,0.8,0.6,0.0,,36135,1150,3,2,1,3,0,False
fd140d1e-0176-4945-8317-1e3cc52db8e6,main,2026-02-21T17:11:02.871Z,,,research,0.7582,good,0.8333,0.9328,0.85,0.6,0.0,,135,455,45,44,1,72,0,False
3cb833aa-44ba-4624-93e3-c2a73757f9d9,main,2026-02-21T21:44:03.357Z,,,discovery,0.7596,good,0.8333,0.8641,0.85,0.6,0.0,,43,201,11,10,1,18,0,False
830187fd-08e6-4828-9a4b-773931945c52,tim,2026-02-21T21:33:06.820Z,gpt-5.3-codex,openai-codex,heartbeat,0.7605,good,0.8333,0.8121,0.65,0.8,0.05584845,13.62,21243,753,7,6,1,4,0,False
5ed7a5c8-1d3b-4177-815d-31460dee9a24,xavier,2026-02-22T01:08:46.322Z,,,operations,0.763,good,1.0,0.5767,0.9,0.6,0.0,,10,77,3,2,1,6,0,False
72c6e3b9-9413-4e86-9e38-a3d1844fe114,julia,2026-02-16T05:28:55.486Z,MiniMax-M2.5,minimax-portal,chat,0.7653,good,1.0,0.2014,0.7,1.0,0.0,,7300,1194,7,1,6,11,7,False
68f7b415-350d-4701-9a4c-9d4850f69846,xavier,2026-02-22T01:18:46.364Z,,,operations,0.7674,good,1.0,0.6415,0.85,0.6,0.0,,49,562,27,18,9,45,0,False
6ef24d05-af44-4e33-ba0c-1c5ab062d697,main,2026-02-21T20:36:30.626Z,,,research,0.7683,good,0.8333,1.0,0.85,0.6,0.0,,61,232,24,24,0,44,0,False
9a305ce6-40e0-4618-a7eb-1b7f5963a93a,main,2026-02-21T17:16:29.188Z,,,research,0.7683,good,0.8333,1.0,0.85,0.6,0.0,,89,44,13,13,0,28,0,False
eae20ff5-392e-4ecd-82ec-5cd3750e4739,main,2026-02-21T23:02:10.204Z,,,research,0.7683,good,0.8333,1.0,0.85,0.6,0.0,,81,179,15,15,0,30,0,False
a24a25e2-2050-4890-980d-9546a682fcdc,main,2026-02-21T08:07:39.527Z,,,research,0.7683,good,0.8333,1.0,0.85,0.6,0.0,,91,789,40,40,0,56,0,False
8c376745-69c4-4f82-bf6a-2a3ab5174bd4,xavier,2026-02-22T01:53:46.365Z,,,operations,0.7694,good,1.0,0.6481,0.85,0.6,0.0,,38,514,21,14,7,34,0,False
f8d645bd-2399-4236-90bb-8ab653b484ce,tim,2026-02-21T15:33:37.843Z,gpt-5.3-codex,openai-codex,coding,0.77,good,1.0,1.0,0.8,0.6,0.034975149999999997,22.02,11741,765,2,2,0,3,1,False
b24f4b31-d854-4866-b0f8-216eb71ef49e,tim,2026-02-21T16:50:25.086Z,gpt-5.3-codex,openai-codex,coding,0.77,good,1.0,1.0,0.8,0.6,0.045569649999999996,16.9,13427,967,4,4,0,5,2,False
4309e14f-5886-4398-b0ce-01745797468d,tim,2026-02-21T19:48:06.756Z,gpt-5.3-codex,openai-codex,coding,0.77,good,1.0,1.0,0.8,0.6,0.058860899999999994,13.08,21390,889,4,4,0,5,2,False
ccc49011-c8f2-4d10-b4e2-c0ca12e1c8e4,tim,2026-02-21T18:03:06.755Z,gpt-5.3-codex,openai-codex,coding,0.77,good,1.0,1.0,0.8,0.6,0.049167999999999996,15.66,13880,1121,5,5,0,5,2,False
2528fd82-4413-4aa3-a43e-4669f421f1c0,tim,2026-02-21T22:33:48.429Z,gpt-5.3-codex,openai-codex,heartbeat,0.7728,good,0.8333,0.8612,0.65,0.8,0.06117335,12.63,21961,914,8,7,1,4,0,False
6f7a972b-e61f-47b9-83df-28601d2699b8,xavier,2026-02-22T03:13:46.339Z,,,operations,0.773,good,1.0,0.66,0.85,0.6,0.0,,49,697,30,20,10,45,0,False
2eb71e27-acab-46fb-8b96-c3d0489fc1ae,xavier,2026-02-22T03:23:46.343Z,,,operations,0.773,good,1.0,0.66,0.85,0.6,0.0,,30,448,18,12,6,26,0,False
e163edcb-d3ad-45b1-a2ed-dd225567c6e5,drew,2026-02-21T16:06:05.994Z,gpt-5.2,openai,heartbeat,0.7781,good,1.0,0.9722,0.5,0.6,1.5001794499999999,0.52,580759,14620,54,52,0,56,0,False
f8df8a31-883d-4fa2-931f-9bba21bf6592,xavier,2026-02-21T23:58:46.304Z,,,heartbeat,0.7785,good,1.0,0.4842,0.85,0.6,0.0,,23,292,12,6,6,19,0,False
19b3da41-fb0a-4531-bcbc-e5990f3c9ac4,xavier,2026-02-22T01:43:46.355Z,,,operations,0.7805,good,1.0,0.685,0.85,0.6,0.0,,30,511,20,14,6,26,0,False
609fffa5-946e-4e84-a9be-adfa2fe1b569,xavier,2026-02-22T02:12:22.185Z,,,operations,0.7813,good,1.0,0.6878,0.85,0.6,0.0,,31,415,18,13,5,27,0,False
510342c6-4007-4ca9-8f2e-8cfa18ac73bc,xavier,2026-02-22T00:33:46.345Z,,,operations,0.7837,good,1.0,0.6957,0.85,0.6,0.0,,37,773,28,20,8,33,0,False
c269ebb1-1773-4b61-b79f-d8b3cc277271,main,2026-02-14T20:10:56.672Z,gpt-5-mini,openai,chat,0.7842,good,0.8667,0.75,0.85,0.5,0.00375675,208.74,12579,306,0,0,0,1,0,False
23c58474-754c-49e6-b5d6-28047e4b7cec,main,2026-02-22T01:52:09.985Z,,,heartbeat,0.7856,good,1.0,0.4425,0.9,0.6,0.0,,26,92,4,2,2,8,0,False
77a165ac-f2e5-4d54-b822-534ab73e5554,tim,2026-02-21T16:06:31.853Z,gpt-5.3-codex,openai-codex,heartbeat,0.7862,good,1.0,0.8449,0.5,1.0,14.426346549999996,0.05,6668617,54417,273,270,3,168,18,False
a16c3a8e-963d-4eca-a79c-62e9b293a1d4,xavier,2026-02-21T23:34:36.250Z,,,operations,0.788,good,1.0,0.66,0.9,0.6,0.0,,11,82,4,3,1,7,0,False
482ecbbe-3eac-459a-a8e8-f4d81447e1cc,xavier,2026-02-22T01:38:46.574Z,,,operations,0.788,good,1.0,0.66,0.9,0.6,0.0,,13,94,4,3,1,9,0,False
483bad45-e9ef-4c28-8e27-0a63287cbecc,xavier,2026-02-21T23:53:46.292Z,,,operations,0.788,good,1.0,0.66,0.9,0.6,0.0,,11,105,4,3,1,7,0,False
0d38872e-a3c7-4fe9-a8ed-3bc434e94ca2,tim,2026-02-22T01:36:42.143Z,gpt-5.3-codex,openai-codex,heartbeat,0.79,good,0.8333,1.0,0.6,0.8,0.07276289999999999,10.86,32686,542,2,2,0,3,0,False
c1881385-2e0c-4aa3-993b-e0ba01b80e56,julia,2026-02-16T05:32:01.191Z,,,chat,0.7904,good,0.8667,0.75,0.875,0.5,0.0,,0,0,0,0,0,1,0,False
e58d6294-1c2e-466c-b059-bf3e4a483fed,main,2026-02-21T12:55:09.992Z,claude-sonnet-4-6,anthropic,operations,0.792,good,1.0,0.9232,0.65,0.6,0.3194452,2.48,154274,7096,55,53,2,27,2,False
bb471641-9beb-4aa8-b89c-a477e1c9ceda,main,2026-02-21T23:33:02.570Z,,,research,0.7932,good,1.0,0.8879,0.85,0.6,0.0,,86,900,41,38,2,67,0,False
806e26b2-15cf-4b86-9b27-bd0906ff2ec5,xavier,2026-02-22T01:48:46.334Z,,,operations,0.7937,good,1.0,0.729,0.85,0.6,0.0,,48,718,29,22,7,44,0,False
fd140d1e-0176-4945-8317-1e3cc52db8e6,main,2026-02-22T04:04:35.830Z,,,research,0.7954,good,1.0,0.9027,0.85,0.6,0.0,,64,979,43,40,2,56,0,False
b2971b69-8744-4e48-b73a-d5eac0928f19,main,2026-02-21T06:16:57.630Z,,,research,0.7957,good,1.0,0.905,0.85,0.6,0.0,,93,197,15,14,1,31,0,False
fd140d1e-0176-4945-8317-1e3cc52db8e6,main,2026-02-21T15:11:31.653Z,,,operations,0.7958,good,1.0,0.836,0.65,0.75,0.0,,898870,5943,79,77,1,99,3,False
1e368fcd-5eb2-4ff4-8160-d5831ce7844d,tim,2026-02-21T15:23:55.974Z,gpt-5.3-codex,openai-codex,operations,0.8,good,1.0,0.9,0.7,0.6,0.42219274999999995,1.89,187893,4750,11,11,0,17,0,False
5731834b-06c2-40fb-8c4e-caa60aa7f219,tim,2026-02-21T15:48:28.367Z,gpt-5.3-codex,openai-codex,coding,0.8,good,1.0,1.0,1.0,0.6,0.0744548,10.74,9104,4065,1,1,0,2,1,False
7b1e5410-e65c-4f79-b072-e7613ec73d81,main,2026-02-20T23:21:24.929Z,,,research,0.8019,good,1.0,0.9461,0.85,0.6,0.0,,299,2575,112,111,1,163,0,False
4a62d42f-e1e5-4abc-8266-9f48933ed62a,xavier,2026-02-21T22:03:46.331Z,,,operations,0.803,good,1.0,0.71,0.9,0.6,0.0,,25,1089,5,4,1,7,0,False
4f2b5538-f340-4fc4-b9f5-20a2499d6d92,xavier,2026-02-21T23:38:46.344Z,,,operations,0.803,good,1.0,0.71,0.9,0.6,0.0,,13,117,5,4,1,9,0,False
075500a0-603a-4ddb-a64c-99eea1ba98b9,tim,2026-02-21T18:18:06.762Z,gpt-5.3-codex,openai-codex,coding,0.8035,good,1.0,0.83,0.75,0.75,0.08665615,9.27,21961,1803,14,12,2,8,3,False
acac28ae-ce75-462a-b245-2616fde4613c,main,2026-02-21T15:51:57.453Z,,,research,0.805,good,1.0,1.0,0.825,0.6,0.0,,61,7,1,1,0,7,0,False
73d8cda2-b9d0-4c9e-8bdd-a69ab9b7a183,robert,2026-02-21T16:07:50.586Z,gemini-3-pro-preview,google,heartbeat,0.8053,good,1.0,0.8012,0.7,0.6,1.5844227999999996,0.51,678051,12584,13,11,2,13,1,False
77168d3e-0709-45c2-a3fa-c37d399b5c42,tim,2026-02-21T23:33:06.774Z,gpt-5.3-codex,openai-codex,heartbeat,0.8062,good,1.0,0.855,0.55,1.0,0.20714085,3.89,56875,4256,25,22,3,20,4,False
f6bad1b9-136a-4349-85c8-d080bb9864c4,tyler,2026-02-21T16:08:04.781Z,MiniMax-M2.5,minimax-portal,heartbeat,0.8075,good,0.8333,1.0,0.65,0.8,0.0,,69502,1502,12,12,0,13,0,False
87776520-5441-404a-bba7-6b59965a1103,larry,2026-02-21T17:23:17.233Z,gpt-5.3-codex-spark,openai-codex,heartbeat,0.8075,good,0.8333,1.0,0.65,0.8,0.0,,20795,935,2,2,0,3,0,False
acac28ae-ce75-462a-b245-2616fde4613c,main,2026-02-21T15:44:15.921Z,,,research,0.8091,good,1.0,0.9941,0.85,0.6,0.0,,344,2221,128,127,0,186,0,False
e563ea9a-3597-4441-ab37-bf68df10fe82,main,2026-02-21T09:39:24.520Z,,,research,0.81,good,1.0,1.0,0.85,0.6,0.0,,77,246,28,28,0,42,0,False
7e7c4321-5a69-4708-9e6f-1316030cce28,main,2026-02-21T09:41:29.584Z,,,research,0.81,good,1.0,1.0,0.85,0.6,0.0,,138,818,39,39,0,57,0,False
575ddc5a-e4a7-490b-a702-3d11bdb841ed,main,2026-02-21T23:30:57.811Z,,,heartbeat,0.81,good,0.8333,0.66,0.9,0.8,0.0,,11,131,4,3,1,7,0,False
d3bcbd2c-603a-43f6-8793-03bf29579713,main,2026-02-21T23:35:54.295Z,,,research,0.81,good,1.0,1.0,0.85,0.6,0.0,,43,259,13,13,0,27,0,False
44a10309-e694-4234-a4e9-09768df9fc1d,main,2026-02-21T23:02:10.377Z,,,research,0.81,good,1.0,1.0,0.85,0.6,0.0,,53,306,12,12,0,18,0,False
d0b03847-9da8-494c-add9-2d5a11a241dc,xavier,2026-02-22T03:47:29.439Z,,,heartbeat,0.8113,good,1.0,0.75,0.925,0.0,0.0,,20,2,0,0,0,2,0,False
79553d5d-a630-48c6-a24a-ee81b91f63c3,xavier,2026-02-21T22:58:46.330Z,,,operations,0.8115,good,1.0,0.7883,0.85,0.6,0.0,,15,163,6,5,1,11,0,False
90885d65-9ae7-4862-9cde-45cfb405190f,tim,2026-02-21T19:03:06.826Z,gpt-5.3-codex,openai-codex,coding,0.8131,good,1.0,0.8781,0.75,0.75,0.1004353,8.1,29342,2239,13,12,1,7,3,False
98c747d8-326d-40c8-b317-3d55f09551b7,main,2026-02-21T15:39:43.353Z,MiniMax-M2.5,minimax-portal,operations,0.815,good,1.0,1.0,0.65,0.6,0.0,,135059,3358,133,133,0,169,0,False
6ef24d05-af44-4e33-ba0c-1c5ab062d697,main,2026-02-21T18:15:33.705Z,,,operations,0.8162,good,0.8333,0.9152,0.85,0.6,0.0,,312,844,44,42,2,80,0,False
410f3c68-de4b-49a3-b081-a310245cf1d4,luis,2026-02-22T00:06:05.617Z,,,operations,0.8173,good,0.8333,0.9186,0.85,0.6,0.0,,101,1264,55,53,2,91,0,False
409e9d84-f317-44ec-b2ba-984fcad4cc61,main,2026-02-21T22:42:28.668Z,,,discovery,0.8178,good,1.0,0.9189,0.85,0.6,0.0,,198,2285,104,99,5,152,0,False
11f577d6-7599-4c65-874a-7cfd5025309b,main,2026-02-22T00:50:22.613Z,,,operations,0.8185,good,0.8333,0.9227,0.85,0.6,0.0,,64,790,31,30,1,51,0,False
e8b0286b-f45f-4d2d-849d-9d72ed960f58,xavier,2026-02-21T23:23:46.385Z,,,operations,0.8186,good,1.0,0.8121,0.85,0.6,0.0,,17,176,7,6,1,13,0,False
f4a614c0-5cb6-47c3-b312-2f0bab768898,xavier,2026-02-21T23:48:46.292Z,,,operations,0.8186,good,1.0,0.8121,0.85,0.6,0.0,,17,132,7,6,1,13,0,False
c19cf2ea-1b0d-45bf-bba9-3de630d70a56,xavier,2026-02-22T02:33:46.328Z,,,heartbeat,0.8225,good,1.0,0.66,0.85,0.6,0.0,,33,533,21,14,7,29,0,False
3b6d1f67-b2fd-46a4-b454-e5106ecc15ae,main,2026-02-21T23:20:57.846Z,,,heartbeat,0.8225,good,0.8333,0.71,0.9,0.8,0.0,,12,158,5,4,1,8,0,False
c1ad531f-6f54-48db-98c2-827030166102,main,2026-02-21T23:25:57.759Z,,,heartbeat,0.8225,good,0.8333,0.71,0.9,0.8,0.0,,12,163,5,4,1,8,0,False
ca4fcb4f-a8b4-4505-9f17-6efe691f7d11,xavier,2026-02-22T01:37:15.478Z,,,operations,0.824,good,1.0,0.83,0.85,0.6,0.0,,18,194,8,7,1,14,0,False
110849fb-ba93-4679-b3f5-300b194ec980,luis,2026-02-21T15:48:39.525Z,,,operations,0.824,good,1.0,0.83,0.85,0.6,0.0,,69,406,20,19,21,24,0,False
2be96bac-c3b2-48aa-864c-43c89f8e1b10,nate,2026-02-21T17:23:21.892Z,gpt-5.3-codex-spark,openai-codex,heartbeat,0.825,good,0.8333,1.0,0.7,0.8,0.0,,20078,919,1,1,0,2,0,False
5f329527-2096-48b1-9d2e-36c1c03198e5,oscar,2026-02-21T17:23:25.964Z,gpt-5.3-codex-spark,openai-codex,heartbeat,0.825,good,0.8333,1.0,0.7,0.8,0.0,,18772,982,1,1,0,2,0,False
66fdde71-94d5-4c2e-bf9d-e8f987554743,sam,2026-02-21T17:23:28.928Z,gpt-5.3-codex-spark,openai-codex,heartbeat,0.825,good,0.8333,1.0,0.7,0.8,0.0,,18214,1197,1,1,0,2,0,False
95348df0-ec9c-4060-a907-fd7f8e0799e3,tim,2026-02-22T03:33:06.796Z,gpt-5.3-codex,openai-codex,heartbeat,0.825,good,0.8333,1.0,0.7,0.8,0.0803943,10.26,40386,675,1,1,0,2,0,False
13ed4291-debb-42a9-9ab4-c94fbb0f27a4,tim,2026-02-22T00:33:06.726Z,gpt-5.3-codex,openai-codex,heartbeat,0.825,good,0.8333,1.0,0.7,0.8,0.056658,14.56,25744,693,1,1,0,2,0,False
86871e74-e6f9-41fc-846d-a42572fb623e,tim,2026-02-22T02:33:06.784Z,gpt-5.3-codex,openai-codex,heartbeat,0.825,good,0.8333,1.0,0.7,0.8,0.0765401,10.78,38942,561,1,1,0,2,0,False
e4328c13-9e05-41ac-8326-7d0b9a23c594,xavier,2026-02-21T21:18:46.261Z,,,operations,0.8265,good,1.0,0.7883,0.9,0.6,0.0,,26,163,6,5,1,8,0,False
08320c61-0643-4e33-829b-8a15101c955e,xavier,2026-02-21T21:08:46.297Z,,,operations,0.8265,good,1.0,0.7883,0.9,0.6,0.0,,26,165,6,5,1,8,0,False
4c9c5196-7819-4c35-942f-079bc4432ae7,xavier,2026-02-21T21:13:46.270Z,,,operations,0.8265,good,1.0,0.7883,0.9,0.6,0.0,,26,150,6,5,1,8,0,False
d39e4042-2139-4ebd-831a-3e589bff064d,xavier,2026-02-22T01:03:14.765Z,,,operations,0.8282,good,1.0,0.8439,0.85,0.6,0.0,,19,208,9,8,1,15,0,False
fdf7324a-7971-4409-b5a0-f82763c6f0c3,xavier,2026-02-21T23:03:46.265Z,,,operations,0.8282,good,1.0,0.8439,0.85,0.6,0.0,,18,196,9,8,1,14,0,False
9cf869de-5b93-4316-8763-fa34289b2034,xavier,2026-02-22T01:58:46.344Z,,,operations,0.8292,good,1.0,0.8472,0.85,0.6,0.0,,102,1278,58,50,7,98,0,False
74a1b094-4b72-4ead-bc04-aeacf8ea0285,xavier,2026-02-22T00:38:46.402Z,,,operations,0.8294,good,1.0,0.8479,0.85,0.6,0.0,,69,1319,49,42,7,65,0,False
063a9630-d9af-428b-b26a-8c94aba23cf3,main,2026-02-21T22:28:20.189Z,,,operations,0.8294,good,1.0,0.8479,0.85,0.6,0.0,,32,140,7,6,1,12,0,False
c0e84761-1912-4c75-b80c-76fd62d734a5,main,2026-02-21T15:56:12.842Z,,,operations,0.8294,good,1.0,0.8479,0.85,0.6,0.0,,86,690,28,24,4,32,0,False
8d38c0dc-1045-4f3b-8865-d2c47af40380,stephan,2026-02-21T05:13:56.849Z,anthropic/claude-opus-4.6,openrouter,chat,0.83,good,1.0,0.75,0.7,0.7,0.130503,6.36,14069,1629,0,0,0,4,0,False
e309885b-1a70-4c09-8180-a4a381ea92f6,luis,2026-02-21T05:14:22.506Z,anthropic/claude-opus-4.6,openrouter,chat,0.83,good,1.0,0.75,0.7,0.7,0.11497950000000001,7.22,14406,913,0,0,0,4,0,False
d3bcbd2c-603a-43f6-8793-03bf29579713,main,2026-02-22T00:53:58.225Z,,,discovery,0.83,good,1.0,1.0,0.85,0.6,0.0,,25,92,3,3,0,13,0,False
c02e7bd0-17db-4291-af2f-b424d942d457,main,2026-02-21T15:43:28.349Z,,,discovery,0.83,good,1.0,1.0,0.85,0.6,0.0,,71,368,26,26,0,44,0,False
367fc75d-c9bc-492b-9353-39ec04ecf5c7,main,2026-02-21T08:49:45.051Z,,,discovery,0.83,good,1.0,1.0,0.85,0.6,0.0,,117,436,27,27,0,50,0,False
9545acd2-d9b2-4fd4-9fbb-091f6fe6c72f,amadeus,2026-02-21T05:13:55.602Z,anthropic/claude-opus-4.6,openrouter,chat,0.83,good,1.0,0.75,0.7,0.7,0.1449125,5.73,14644,2063,0,0,0,4,0,False
20a29ffb-93e3-439c-950c-0f4d1e5a46a4,xavier,2026-02-21T15:00:01.693Z,anthropic/claude-opus-4-6,openrouter,operations,0.8306,good,1.0,0.8521,0.85,0.6,0.0,,437,640,17,15,1,115,0,False
ffb12743-075c-4aba-ad6e-b5dbdc25b8b0,main,2026-02-21T18:55:10.667Z,,,operations,0.8306,good,1.0,0.8521,0.85,0.6,0.0,,57,348,17,15,2,21,0,False
d6ab7234-b79d-4c5a-9a14-2e69fef652c3,xavier,2026-02-21T22:38:47.993Z,,,operations,0.8315,good,1.0,0.855,0.85,0.6,0.0,,21,208,10,9,1,17,0,False
d5714f84-da8f-4515-bb9f-04f4f22696b6,amadeus,2026-02-21T15:22:54.155Z,,,operations,0.8315,good,1.0,0.88,0.825,0.6,0.0,,21,3,1,1,1,6,0,False
956fee56-dc1f-4908-b941-1b723a2681b6,main,2026-02-16T03:48:13.554Z,MiniMax-M2.5,minimax-portal,operations,0.8323,good,1.0,0.7909,0.65,1.0,0.0,,3096857,11319,39,36,3,49,10,False
85f176b8-60da-4a9e-943d-be127da17a08,main,2026-02-22T00:46:18.618Z,,,operations,0.8334,good,1.0,0.8612,0.85,0.6,0.0,,83,485,24,21,3,49,0,False
25f182a4-b8c4-40bb-b7b5-f5d60d16f58a,xavier,2026-02-21T21:58:46.315Z,,,operations,0.8336,good,1.0,0.8121,0.9,0.6,0.0,,28,166,7,6,1,10,0,False
b6c722da-4cbd-4c4c-a7c2-03e82b807170,xavier,2026-02-21T20:00:00.131Z,,,operations,0.8337,good,1.0,0.8624,0.85,0.6,0.0,,78,439,27,24,3,33,0,False
6453083f-975d-4960-a4a6-d515cfacf957,xavier,2026-02-22T00:23:46.309Z,,,operations,0.8342,good,1.0,0.8641,0.85,0.6,0.0,,24,209,11,10,1,20,0,False
a16c7794-79c1-4a26-b012-7e580a89937b,xavier,2026-02-22T00:00:08.522Z,,,operations,0.8365,good,1.0,0.8717,0.85,0.6,0.0,,23,298,12,11,1,17,0,False
a2fe4ca5-5872-445c-a703-cf8591b41bc3,xavier,2026-02-21T22:53:46.308Z,,,operations,0.8365,good,1.0,0.8717,0.85,0.6,0.0,,26,240,12,11,1,22,0,False
76a09363-5bdf-468f-95d9-60973b324038,tim,2026-02-21T17:48:06.727Z,gpt-5.3-codex,openai-codex,coding,0.8375,good,1.0,1.0,0.75,0.75,0.11684085000000001,7.17,44611,1683,10,10,0,8,3,False
75dc60ee-067a-47c7-8b99-76d3a18a15a3,tim,2026-02-21T17:18:06.755Z,gpt-5.3-codex,openai-codex,coding,0.8375,good,1.0,1.0,0.75,0.75,0.08690885000000001,9.64,29907,1463,7,7,0,8,3,False
5213cac8-d93f-420f-b4e5-0e60f2a5771e,tim,2026-02-21T16:33:06.763Z,gpt-5.3-codex,openai-codex,coding,0.8375,good,1.0,1.0,0.75,0.75,0.0633136,13.23,16896,1260,7,7,0,8,3,False
7a92ff83-e952-41c2-a78e-226dae975ba3,tim,2026-02-21T15:33:06.733Z,gpt-5.3-codex,openai-codex,coding,0.8375,good,1.0,1.0,0.75,0.75,0.05445545,15.38,13687,1414,5,5,0,6,3,False
e2a560db-4779-4299-a332-ad420e81c9ae,tim,2026-02-21T17:03:06.795Z,gpt-5.3-codex,openai-codex,coding,0.8375,good,1.0,1.0,0.75,0.75,0.0744219,11.25,23514,1311,7,7,0,8,3,False
6d8d0dfc-4e1f-48b5-90da-eae05dc4d6b1,tim,2026-02-21T17:33:06.774Z,gpt-5.3-codex,openai-codex,coding,0.8375,good,1.0,1.0,0.75,0.75,0.08955555,9.35,30981,1465,8,8,0,8,3,False
2509dc46-23ff-42ea-81bd-0fb5269a6d45,tim,2026-02-21T16:18:06.777Z,gpt-5.3-codex,openai-codex,coding,0.8375,good,1.0,1.0,0.75,0.75,0.0504966,16.59,13540,1140,5,5,0,6,3,False
8abfe85f-5274-4dde-bfd3-d2418c74a698,main,2026-02-16T03:45:37.838Z,MiniMax-M2.5,minimax-portal,chat,0.8375,good,1.0,0.75,0.85,0.5,0.0,,28,238,0,0,0,1,0,False
fd140d1e-0176-4945-8317-1e3cc52db8e6,main,2026-02-21T06:41:19.465Z,,,operations,0.8398,good,0.8333,0.9936,0.85,0.6,0.0,,820,4806,235,233,0,340,0,False
a0213d48-1b51-4fcb-9185-c24764acbec0,main,2026-02-21T15:59:37.740Z,,,operations,0.8403,good,1.0,0.8845,0.85,0.6,0.0,,132,457,39,36,3,51,0,False
fd140d1e-0176-4945-8317-1e3cc52db8e6,main,2026-02-21T22:16:41.320Z,,,operations,0.8417,good,0.8333,1.0,0.85,0.6,0.0,,271,4156,150,150,0,200,0,False
422bdd68-14fd-4697-b046-fac567f49d1e,main,2026-02-21T22:24:05.895Z,,,operations,0.8417,good,0.8333,1.0,0.85,0.6,0.0,,221,924,52,52,0,78,0,False
9e4de50e-7130-4d15-90d4-4bbb288b5c02,main,2026-02-21T21:05:35.539Z,,,operations,0.8417,good,0.8333,1.0,0.85,0.6,0.0,,287,1112,67,67,0,110,0,False
1421b031-c0c3-444a-aaa4-9136a16b3909,main,2026-02-21T20:09:11.704Z,,,operations,0.8417,good,0.8333,1.0,0.85,0.6,0.0,,126,79,12,12,0,32,0,False
fd140d1e-0176-4945-8317-1e3cc52db8e6,main,2026-02-21T20:08:33.793Z,,,operations,0.8417,good,0.8333,1.0,0.85,0.6,0.0,,87,30,15,15,0,24,0,False
a6e78bb2-b271-41d6-97a6-c3d4b2e1b3df,main,2026-02-22T01:58:38.139Z,,,operations,0.8417,good,0.8333,1.0,0.85,0.6,0.0,,90,987,48,48,0,83,0,False
fd140d1e-0176-4945-8317-1e3cc52db8e6,main,2026-02-21T14:31:26.907Z,MiniMax-M2.5,minimax-portal,operations,0.8417,good,0.8333,1.0,0.85,0.6,0.0,,484,1006,31,31,0,79,0,False
1421b031-c0c3-444a-aaa4-9136a16b3909,main,2026-02-21T20:54:42.565Z,,,operations,0.8417,good,0.8333,1.0,0.85,0.6,0.0,,81,119,13,13,0,29,0,False
4c6e73ef-3e39-48da-977a-8446c44b8b98,main,2026-02-21T20:45:50.804Z,,,operations,0.8417,good,0.8333,1.0,0.85,0.6,0.0,,40,193,14,14,0,23,0,False
a40a1a3f-e30d-4e5a-bfc7-c1daa8e5bbcd,xavier,2026-02-21T21:23:46.357Z,,,heartbeat,0.8421,good,0.8333,0.7883,0.9,0.8,0.0,,27,121,6,5,1,9,0,False
9226368e-d31a-4902-bdcd-cdb8ccccee3c,tony,2026-02-21T16:09:42.682Z,glm-5,zai,heartbeat,0.8425,good,0.8333,1.0,0.75,0.8,0.0266436,31.62,18042,360,2,2,0,3,0,False
53b54f57-ca4d-4f08-b993-a32cc4467eac,wes,2026-02-21T22:03:44.294Z,glm-4.7-flash,zai,heartbeat,0.8425,good,0.8333,1.0,0.75,0.8,0.0,,43508,670,2,2,0,3,0,False
9764729e-453c-457b-9174-1571e07f3ced,xavier,2026-02-22T02:15:20.255Z,,,chat,0.8438,good,1.0,0.75,0.875,0.5,0.0,,0,0,0,0,0,1,0,False
ed6eb050-0bc0-4b3a-82ce-96e89c4e2203,xavier,2026-02-22T02:15:23.908Z,,,chat,0.8438,good,1.0,0.75,0.875,0.5,0.0,,0,0,0,0,0,1,0,False
cf703b0f-cf5d-4c88-8afc-9797414ad78c,xavier,2026-02-21T22:43:46.293Z,,,operations,0.8439,good,1.0,0.8962,0.85,0.6,0.0,,37,380,17,16,1,33,0,False
9d75bc4e-3a48-4510-abaa-654d9ba8caa8,xavier,2026-02-21T22:34:09.575Z,,,operations,0.8448,good,1.0,0.8994,0.85,0.6,0.0,,38,452,18,17,1,34,0,False
72c887a0-a835-485b-9350-401111fd4c7c,luis,2026-02-21T22:05:26.267Z,,,operations,0.845,good,1.0,1.0,0.75,0.6,0.0,,9,0,2,2,0,3,0,False
83f8703c-1a79-43f1-b079-3c31f1c6b9a4,xavier,2026-02-21T22:18:46.282Z,,,operations,0.8454,good,1.0,0.9014,0.85,0.6,0.0,,88,1488,56,53,3,70,0,False
9c3148e2-e5b6-45b1-a4a8-8baae39861d6,xavier,2026-02-21T22:29:14.507Z,,,operations,0.8465,good,1.0,0.905,0.85,0.6,0.0,,64,750,35,33,2,60,0,False
97c16fc5-f22a-42b0-9166-d5855d4a38f6,main,2026-02-21T21:55:10.043Z,,,operations,0.8465,good,1.0,0.905,0.85,0.6,0.0,,83,141,15,14,1,20,0,False
7f77556c-9940-4b32-8fe4-a3a0c2a32f9e,main,2026-02-22T03:46:14.181Z,,,operations,0.8465,good,1.0,0.905,0.85,0.6,0.0,,200,1890,85,80,5,154,0,False
f6f74d2a-5247-46e6-a523-9e34e3f2db33,luis,2026-02-21T23:05:21.561Z,,,operations,0.848,good,1.0,0.91,0.85,0.6,0.0,,166,1759,100,95,5,156,0,False
b78e9a07-278e-4ea4-bbb8-b47f10a995e2,main,2026-02-21T20:47:53.202Z,,,operations,0.8493,good,1.0,0.9143,0.85,0.6,0.0,,181,1795,86,82,3,109,0,False
d2dcc86f-4457-455e-ba80-c421fc536432,xavier,2026-02-21T22:48:46.299Z,,,operations,0.8512,good,1.0,0.9205,0.85,0.6,0.0,,50,598,29,28,1,46,0,False
972dbcf7-7e51-4a0c-81e7-d3b80fe04488,main,2026-02-21T15:36:09.463Z,,,operations,0.8512,good,1.0,0.9205,0.85,0.6,0.0,,108,359,29,28,1,36,0,False
c263c43e-5e7a-487c-93c2-ffcfcd5d8801,luis,2026-02-22T03:04:50.997Z,,,operations,0.8518,good,1.0,0.9227,0.85,0.6,0.0,,60,580,31,30,1,54,0,False
1c33c3d6-fc7e-4813-b3c5-3057dbd80b83,xavier,2026-02-21T23:28:46.326Z,,,heartbeat,0.8525,good,1.0,0.71,0.9,0.6,0.0,,13,123,5,4,1,9,0,False
505fe5f3-d7dc-4449-9786-f4934c4d7cf0,xavier,2026-02-22T00:15:37.311Z,,,heartbeat,0.8525,good,1.0,0.71,0.9,0.6,0.0,,13,116,5,4,1,9,0,False
0013e83b-84e8-4bd7-a8d7-2a2674f491f4,tim,2026-02-21T15:23:09.108Z,gpt-5.3-codex,openai-codex,operations,0.8525,good,1.0,0.9,0.875,0.6,0.043858499999999995,19.44,10294,1742,2,2,0,4,0,False
18c8c939-6a99-4a5f-b463-3a5f3ab94eae,main,2026-02-21T15:38:39.695Z,,,operations,0.8527,good,1.0,0.9256,0.85,0.6,0.0,,112,228,34,33,1,49,0,False
6388491b-4dde-4673-a0fb-3090c0707a04,amadeus,2026-02-21T15:48:34.324Z,,,operations,0.854,good,1.0,0.88,0.9,0.6,0.0,,55,74,6,6,6,10,0,False
4b6ff51d-5eed-4076-b1ba-478df9b1ade1,xavier,2026-02-22T01:23:50.022Z,,,heartbeat,0.8546,good,1.0,0.7883,0.85,0.6,0.0,,15,146,6,5,1,11,0,False
4ed0dc55-6ac3-458b-b9df-11cb817b4322,xavier,2026-02-22T03:52:21.958Z,,,operations,0.8548,good,1.0,0.9328,0.85,0.6,0.0,,93,1031,45,44,1,57,0,False
db691e95-d490-436f-a2ba-b9401440a55e,tyler,2026-02-21T05:14:09.647Z,MiniMax-M2.5,minimax-portal,chat,0.855,good,1.0,0.75,0.8,0.7,0.0,,48,900,0,0,0,3,0,False
12a81976-4052-48cc-9963-91cfe1b200dc,claire,2026-02-21T05:14:22.480Z,MiniMax-M2.5,minimax-portal,chat,0.855,good,1.0,0.75,0.8,0.7,0.0,,24,981,0,0,0,3,0,False
ab6555c6-86a7-4924-98fc-ff89ec1de0e7,luis,2026-02-21T18:04:14.619Z,,,operations,0.855,good,1.0,0.9333,0.85,0.6,0.0,,209,824,92,90,2,146,0,False
b6c2ad5f-c993-4259-915c-db32471d210f,harry,2026-02-21T05:14:45.907Z,gemini-3-flash-preview,google,chat,0.855,good,1.0,0.75,0.8,0.7,0.0163785,52.2,29643,519,0,0,0,3,0,False
cf60a3ac-5280-442b-9079-52b93011b76f,drew,2026-02-21T05:14:09.132Z,gpt-5.2,openai,chat,0.855,good,1.0,0.75,0.8,0.7,0.0400561,21.35,11350,1196,0,0,0,3,0,False
08698e4a-9667-4136-b9f3-a12bbc6839ac,main,2026-02-21T16:12:30.173Z,,,operations,0.8564,good,1.0,0.9381,0.85,0.6,0.0,,148,1013,59,58,1,108,0,False
41a009c8-b45b-47b0-8540-11a1c0c4c3c5,main,2026-02-21T12:46:12.766Z,claude-sonnet-4-6,anthropic,operations,0.8579,good,1.0,0.8264,0.7,1.0,0.1746934,4.91,105711,4105,35,30,5,19,4,False
c16ff515-0d94-4d50-9cf2-6b8b971bc5d2,luis,2026-02-21T17:04:14.674Z,,,operations,0.8588,good,1.0,0.946,0.85,0.6,0.0,,227,1923,111,110,1,164,0,False
8b8c0573-3a07-4c7c-bc73-578bcb780bff,main,2026-02-21T21:08:31.446Z,,,heartbeat,0.8595,good,0.8333,0.928,0.85,0.8,0.0,,145,3069,37,36,1,55,0,False
952058e3-cf77-4d78-8060-09f3feb34312,reed,2026-02-21T17:23:38.133Z,gemini-3-flash-preview,google,heartbeat,0.86,good,0.8333,1.0,0.8,0.8,0.02194725,39.18,42048,36,1,1,0,2,0,False
73383062-7882-4223-9d6d-8e86b38103b1,joey,2026-02-21T15:05:50.419Z,claude-sonnet-4-6,anthropic,operations,0.86,good,1.0,1.0,0.8,0.6,0.0,,1413,482,2,2,0,4,0,False
324ac3cc-5e99-45b7-9586-a78842b41ee8,jerry,2026-02-21T17:23:04.447Z,MiniMax-M2.5,minimax-portal,heartbeat,0.86,good,0.8333,1.0,0.8,0.8,0.0,,7013,238,1,1,0,2,0,False
e6045044-5e13-4405-ad0b-456f6265fcac,piper,2026-02-21T17:23:31.975Z,gemini-3-flash-preview,google,heartbeat,0.86,good,0.8333,1.0,0.8,0.8,0.021941250000000002,39.2,42036,36,1,1,0,2,0,False
cd222066-ed2e-4335-8f51-c24637b494be,barry,2026-02-21T16:10:36.225Z,MiniMax-M2.5,minimax-portal,heartbeat,0.86,good,0.8333,1.0,0.8,0.8,0.0,,6430,246,1,1,0,2,0,False
c9496d2d-0806-4169-8984-0baccc03f57c,quinn,2026-02-21T17:23:35.015Z,gemini-3-flash-preview,google,heartbeat,0.86,good,0.8333,1.0,0.8,0.8,0.021920250000000002,39.23,41982,38,1,1,0,2,0,False
c9016eae-f0fc-47e4-9325-de3c94ac6cde,sandy,2026-02-21T16:09:17.281Z,glm-5,zai,heartbeat,0.86,good,0.8333,1.0,0.8,0.8,0.031039,27.71,27775,316,2,2,0,2,0,False
46c3a46d-8e81-4820-b51c-24eb0b7e0ce1,main,2026-02-21T14:30:00.100Z,claude-sonnet-4-6,anthropic,operations,0.86,good,1.0,1.0,0.8,0.6,0.0229182,37.52,15827,1236,7,7,0,3,0,False
eaa972ee-fd51-45df-823c-e95eed2c1a77,main,2026-02-16T03:46:44.274Z,MiniMax-M2.5,minimax-portal,operations,0.86,good,1.0,1.0,0.8,0.6,0.0,,688,499,1,1,0,5,0,False
12b9b4a2-a432-483e-9dff-4e7b7ed01c02,amadeus,2026-02-21T16:05:22.231Z,,,heartbeat,0.8603,good,1.0,0.8112,0.85,0.6,0.0,,424,1401,81,72,23,125,0,False
71f085ee-144a-496a-99db-a5327e7211d0,xavier,2026-02-21T23:43:46.307Z,,,heartbeat,0.8605,good,1.0,0.8121,0.85,0.6,0.0,,16,161,7,6,1,12,0,False
a3d6706c-0de5-4e6c-82fd-5e31e9711027,main,2026-02-16T05:32:27.766Z,,,chat,0.8613,good,1.0,0.75,0.825,0.7,0.0,,0,0,0,0,0,3,0,False
ace708b6-140d-4ec4-8960-68efaefcd7fb,main,2026-02-21T16:12:44.024Z,,,operations,0.8643,good,1.0,0.9643,0.85,0.6,0.0,,90,299,21,20,0,27,0,False
6d367b4f-1297-43e1-b1be-5a016222200a,main,2026-02-21T06:52:14.247Z,,,operations,0.865,good,1.0,0.9667,0.85,0.6,0.0,,4630,3778,203,194,0,346,0,False
90e39e3e-2986-46d0-9dd8-c81496a6e6f3,main,2026-02-21T16:15:31.252Z,,,operations,0.8667,good,1.0,0.9722,0.85,0.6,0.0,,61,549,27,26,0,34,0,False
5965e255-ab02-4abb-93b1-40396c16dd54,main,2026-02-16T04:09:42.697Z,MiniMax-M2.5,minimax-portal,chat,0.8675,good,1.0,0.75,0.85,0.7,0.0,,56,246,0,0,0,2,0,False
4cdcbca0-2809-45b7-9359-bc488e72ea49,xavier,2026-02-21T22:08:46.356Z,,,heartbeat,0.8685,good,1.0,0.8439,0.85,0.6,0.0,,31,200,9,8,1,13,0,False
caa01a49-35da-4ad6-aa4c-3af799fa33e1,xavier,2026-02-22T00:28:46.354Z,,,heartbeat,0.8685,good,1.0,0.8439,0.85,0.6,0.0,,18,226,9,8,1,14,0,False
85ee5867-548c-4fd9-8829-c9e2edef87e1,xavier,2026-02-22T00:03:46.307Z,,,heartbeat,0.8685,good,1.0,0.8439,0.85,0.6,0.0,,21,176,9,8,1,17,0,False
08847e39-4844-4ce8-ba1a-cc64440c5c23,julia,2026-02-21T06:13:42.738Z,,,operations,0.87,good,1.0,0.9833,0.85,0.6,0.0,,100,652,45,44,0,64,0,False
675ef6f4-a6f9-4dd8-a3e1-2e9a9ee7eb66,julia,2026-02-21T16:04:34.588Z,,,heartbeat,0.8703,good,1.0,0.8512,0.85,0.6,0.0,,40,358,17,16,4,30,0,False
8b8c0573-3a07-4c7c-bc73-578bcb780bff,main,2026-02-21T23:09:58.676Z,,,heartbeat,0.8703,good,1.0,0.8512,0.85,0.6,0.0,,4602,1009,53,46,1,80,0,False
511b5cdf-5631-4938-97d5-54733ffffb60,xavier,2026-02-22T04:01:59.317Z,,,heartbeat,0.8719,good,1.0,0.8578,0.85,0.6,0.0,,64,678,36,32,4,56,0,False
f0cb863d-e7f8-4410-a366-7d082158a6e6,xavier,2026-02-21T21:53:46.263Z,,,heartbeat,0.8721,good,1.0,0.7883,0.9,0.6,0.0,,26,151,6,5,1,8,0,False
de291d4d-9b5c-48a2-a41b-820be82af9cf,xavier,2026-02-22T00:18:46.349Z,,,heartbeat,0.8721,good,1.0,0.7883,0.9,0.6,0.0,,14,135,6,5,1,10,0,False
c677c7a2-0d60-402f-92e8-6fdf2364db33,xavier,2026-02-22T02:14:21.664Z,,,chat,0.8738,good,1.0,0.75,0.875,0.7,0.0,,0,0,0,0,0,1,0,False
f48b80ee-b32d-4382-a9d0-c00182b8cb73,xavier,2026-02-22T01:23:14.322Z,,,chat,0.8738,good,1.0,0.75,0.875,0.7,0.0,,0,0,0,0,0,1,0,False
d1c070ee-188d-430d-8f47-188caf271b63,xavier,2026-02-21T20:43:33.073Z,,,chat,0.8738,good,1.0,0.75,0.875,0.7,0.0,,0,0,0,0,0,1,0,False
04aa5e02-372a-4ca4-a5a0-944c02d67350,xavier,2026-02-21T20:20:46.447Z,,,chat,0.8738,good,1.0,0.75,0.875,0.7,0.0,,0,0,0,0,0,2,0,False
9d95b35f-e400-4726-9158-9b149c6e8e54,xavier,2026-02-22T02:14:17.980Z,,,chat,0.8738,good,1.0,0.75,0.875,0.7,0.0,,0,0,0,0,0,1,0,False
f5eeebd1-f581-49bf-97eb-e7352c49d417,xavier,2026-02-21T20:20:52.875Z,,,chat,0.8738,good,1.0,0.75,0.875,0.7,0.0,,0,0,0,0,0,1,0,False
25e878bc-f4dc-4c72-b9a9-f70d0616a20e,xavier,2026-02-21T22:32:01.397Z,,,chat,0.8738,good,1.0,0.75,0.875,0.7,0.0,,0,0,0,0,0,2,0,False
d5fbeae1-8ce3-4800-b871-dd011b81216a,luis,2026-02-21T21:49:28.985Z,,,chat,0.8738,good,1.0,0.75,0.875,0.7,0.0,,0,0,0,0,0,1,0,False
a483e6b8-5661-4ed6-8566-7a029714bde7,larry,2026-02-21T05:14:49.170Z,gpt-5.3-codex-spark,openai-codex,chat,0.8738,good,1.0,0.75,0.875,0.7,0.0,,10886,2348,0,0,0,3,0,False
fcd087ed-374e-4072-a78c-1143fb23c01a,tim,2026-02-21T21:36:54.054Z,,,chat,0.8738,good,1.0,0.75,0.875,0.7,0.0,,0,0,0,0,0,2,0,False
b86bf693-2973-41ff-b61c-902576bf7cca,tim,2026-02-21T05:14:10.142Z,gpt-5.3-codex,openai-codex,chat,0.8738,good,1.0,0.75,0.875,0.7,0.04360264999999999,20.04,10759,1536,0,0,0,3,0,False
9f5e0a0f-1e93-4877-a76c-30164b6f6634,tim,2026-02-21T20:59:42.910Z,,,chat,0.8738,good,1.0,0.75,0.875,0.7,0.0,,0,0,0,0,0,2,0,False
18aac9db-83dc-4b50-bb30-cd67b58f024c,barry,2026-02-21T05:14:33.946Z,MiniMax-M2.5,minimax-portal,chat,0.8738,good,1.0,0.75,0.875,0.7,0.0,,24,987,0,0,0,3,0,False
52812b78-12b5-4cb3-9416-a5d15c944b97,main,2026-02-22T02:09:30.742Z,,,chat,0.8738,good,1.0,0.75,0.875,0.7,0.0,,0,0,0,0,0,1,0,False
b4ac725b-9a5b-4039-8302-43a07456852f,main,2026-02-21T15:40:22.785Z,,,chat,0.8738,good,1.0,0.75,0.875,0.7,0.0,,0,0,0,0,0,1,0,False
7ef8d104-0398-41ad-b469-4aa63d4f7500,main,2026-02-20T23:22:46.484Z,,,chat,0.8738,good,1.0,0.75,0.875,0.7,0.0,,0,0,0,0,0,1,0,False
bbb651fd-e69d-4595-8780-c0af65d8f188,main,2026-02-22T02:09:19.597Z,,,chat,0.8738,good,1.0,0.75,0.875,0.7,0.0,,0,0,0,0,0,1,0,False
108393c0-c4ba-4ae9-bea2-c35bbdd2ed5a,main,2026-02-22T02:09:06.371Z,,,chat,0.8738,good,1.0,0.75,0.875,0.7,0.0,,0,0,0,0,0,1,0,False
9bd3042c-2330-43d6-b8a4-5089395b728b,main,2026-02-21T15:13:50.317Z,,,chat,0.8738,good,1.0,0.75,0.875,0.7,0.0,,0,0,0,0,0,1,0,False
ea025a6c-cd9e-4d1a-89c1-076f6ae929f4,amadeus,2026-02-21T20:46:26.273Z,,,chat,0.8738,good,1.0,0.75,0.875,0.7,0.0,,0,0,0,0,0,1,0,False
ad1b608e-6b53-477a-9de5-bdd7be4e6471,luis,2026-02-21T21:04:14.684Z,,,operations,0.875,good,1.0,1.0,0.85,0.6,0.0,,33,326,15,15,0,27,0,False
569b1779-8779-40f0-ad3d-8f3c5682e32b,luis,2026-02-21T19:04:14.663Z,,,operations,0.875,good,1.0,1.0,0.85,0.6,0.0,,143,925,67,67,0,107,0,False
020849ea-1a1f-43ea-9cad-de6ee8756a5a,luis,2026-02-21T20:04:14.659Z,,,operations,0.875,good,1.0,1.0,0.85,0.6,0.0,,57,255,17,17,0,35,0,False
aee9f13a-8aa9-4662-ad5e-38b988525d17,julia,2026-02-22T03:52:30.049Z,,,operations,0.875,good,1.0,1.0,0.85,0.6,0.0,,50,60,10,10,0,14,0,False
f55ad1a4-b49d-4575-953e-4e2517ac27de,main,2026-02-21T21:46:13.417Z,,,operations,0.875,good,1.0,1.0,0.85,0.6,0.0,,160,71,12,12,0,25,0,False
b815a458-f7f1-4b14-8090-6cb965b88231,main,2026-02-21T23:00:09.533Z,,,operations,0.875,good,1.0,1.0,0.85,0.6,0.0,,48,201,9,9,0,12,0,False
00d56ac3-2738-4417-bee4-7643801b1eb0,main,2026-02-22T01:22:23.932Z,,,operations,0.875,good,1.0,1.0,0.85,0.6,0.0,,32,360,16,16,0,24,0,False
310fdd9d-ebbb-4803-a32b-8d8a749b8d16,main,2026-02-21T20:39:03.042Z,,,operations,0.875,good,1.0,1.0,0.85,0.6,0.0,,160,677,37,37,0,63,0,False
219e9cb2-310d-4894-86e9-0371bf64c5d2,main,2026-02-21T21:35:50.321Z,,,operations,0.875,good,1.0,1.0,0.85,0.6,0.0,,188,907,48,48,0,72,0,False
7efb01f4-4626-4b70-901c-5e3c7135bb49,main,2026-02-21T05:23:31.095Z,,,operations,0.875,good,1.0,1.0,0.85,0.6,0.0,,114,201,10,10,0,24,0,False
1d281c86-7722-4cef-a402-d6220f013244,main,2026-02-21T23:12:02.903Z,,,operations,0.875,good,1.0,1.0,0.85,0.6,0.0,,105,597,36,36,0,53,0,False
3f888561-43a3-47c5-bc3f-1cc7a2301f39,main,2026-02-21T19:37:41.958Z,,,operations,0.875,good,1.0,1.0,0.85,0.6,0.0,,48,156,8,8,0,12,0,False
00d56ac3-2738-4417-bee4-7643801b1eb0,main,2026-02-22T01:44:37.500Z,,,operations,0.875,good,1.0,1.0,0.85,0.6,0.0,,34,106,5,5,0,18,0,False
a02ca42c-665c-4403-809b-73b4eb2ccf6e,main,2026-02-21T15:58:40.202Z,,,operations,0.875,good,1.0,1.0,0.85,0.6,0.0,,120,293,24,24,0,30,0,False
3ec32c23-c338-4e94-ac1e-c8d1032ce825,main,2026-02-22T00:59:55.249Z,,,operations,0.875,good,1.0,1.0,0.85,0.6,0.0,,25,284,13,13,0,19,0,False
05e9cb25-0799-4230-a433-db87bd7ecffe,main,2026-02-21T22:32:22.939Z,,,operations,0.875,good,1.0,1.0,0.85,0.6,0.0,,135,3008,22,22,0,38,0,False
fd140d1e-0176-4945-8317-1e3cc52db8e6,main,2026-02-22T01:36:53.026Z,,,operations,0.875,good,1.0,1.0,0.85,0.6,0.0,,110,1817,76,76,0,97,0,False
d1d8ed87-84d9-4cca-a66e-816a75f225f3,main,2026-02-21T09:37:45.888Z,,,operations,0.875,good,1.0,1.0,0.85,0.6,0.0,,41,111,13,13,0,24,0,False
39f16cac-1065-4049-841b-9d8c7328c534,main,2026-02-21T08:25:04.572Z,,,operations,0.875,good,1.0,1.0,0.85,0.6,0.0,,140,92,18,18,0,32,0,False
d8b61976-57d4-4e2a-a7cc-373dcbeab822,main,2026-02-21T18:46:12.704Z,,,operations,0.875,good,1.0,1.0,0.85,0.6,0.0,,165,440,35,35,0,57,0,False
b93559fa-5b5d-4e43-80d3-0829f78ac2c1,main,2026-02-21T21:37:10.893Z,,,operations,0.875,good,1.0,1.0,0.85,0.6,0.0,,120,507,37,37,0,57,0,False
7e61e3b5-60e6-4313-a641-c01a17c44bc0,main,2026-02-21T16:01:46.106Z,,,operations,0.875,good,1.0,1.0,0.85,0.6,0.0,,136,455,31,31,0,37,0,False
418f10f3-5c09-4a21-b0ca-0944d9c0f786,main,2026-02-21T15:54:08.398Z,,,operations,0.875,good,1.0,1.0,0.85,0.6,0.0,,181,1103,48,48,0,70,0,False
85e5d002-75d6-47bc-8ccb-56a544438ed0,main,2026-02-21T16:03:10.404Z,,,operations,0.875,good,1.0,1.0,0.85,0.6,0.0,,245,1256,68,68,0,101,0,False
6a65dea6-7131-4384-b7be-9560658bb456,main,2026-02-21T22:32:22.861Z,,,operations,0.875,good,1.0,1.0,0.85,0.6,0.0,,29,1317,8,8,0,11,0,False
1073bdac-39d9-4793-bcea-33eb84a8024e,main,2026-02-21T19:00:00.172Z,,,operations,0.875,good,1.0,1.0,0.85,0.6,0.0,,56,151,9,9,0,11,0,False
9cd233c1-1762-4dee-9f6a-f9db89bd8eb8,main,2026-02-21T15:56:45.461Z,,,operations,0.875,good,1.0,1.0,0.85,0.6,0.0,,116,507,33,33,0,53,0,False
52c79f4f-b49a-4a90-b085-069d92467165,main,2026-02-22T02:02:10.575Z,,,operations,0.875,good,1.0,1.0,0.85,0.6,0.0,,41,452,20,20,0,33,0,False
c82237bc-de53-4bf6-ab0b-6baba898e792,claire,2026-02-21T16:07:08.557Z,MiniMax-M2.5,minimax-portal,heartbeat,0.8775,good,0.8333,1.0,0.85,0.8,0.0,,6567,489,1,1,0,2,0,False
7408bd57-2db1-4da3-b237-eb0807f4a83f,xavier,2026-02-21T21:38:46.287Z,,,heartbeat,0.8775,good,0.8333,1.0,0.85,0.8,0.0,,29,201,8,8,0,11,0,False
7c1b73d8-f54f-4811-b43e-1dfed51e1c67,roman,2026-02-21T16:06:52.826Z,MiniMax-M2.5,minimax-portal,heartbeat,0.8775,good,0.8333,1.0,0.85,0.8,0.0,,6521,447,1,1,0,2,0,False
4f233632-4675-4486-9e11-ae72a98792c4,main,2026-02-21T15:46:12.728Z,,,heartbeat,0.8775,good,0.8333,1.0,0.85,0.8,0.0,,194,232,55,55,0,86,0,False
ee51097c-d961-4d63-969d-8a868dfbdd7c,xavier,2026-02-21T22:13:46.292Z,,,heartbeat,0.878,good,1.0,0.8121,0.9,0.6,0.0,,28,861,7,6,1,10,0,False
ca933b36-4706-4501-b55c-cf9338759497,xavier,2026-02-21T05:13:54.413Z,anthropic/claude-opus-4.6,openrouter,chat,0.88,good,1.0,1.0,0.7,0.7,0.25498550000000003,3.45,38941,1271,1,1,0,5,0,False
587a9d5f-92ad-47bf-9dca-fc1361b1a3c9,luis,2026-02-21T11:04:14.664Z,anthropic/claude-opus-4-6,openrouter,coding,0.8845,good,0.6667,0.9349,0.65,1.0,0.0,,2275306,67979,149,146,3,142,73,False
898c107b-f9da-4379-894d-406db8504463,main,2026-02-21T22:20:40.753Z,,,chat,0.8862,good,1.0,0.75,0.925,0.7,0.0,,20,2,0,0,0,2,0,False
5b07e781-9bd6-4c63-9a92-85fb1e394847,vince,2026-02-21T17:23:40.887Z,glm-5,zai,heartbeat,0.89,good,1.0,1.0,0.8,0.6,0.0179712,49.52,11840,288,1,1,0,2,0,False
5db39635-3c4b-47a6-99ab-09b15530ea84,xavier,2026-02-21T21:28:50.551Z,,,operations,0.89,good,1.0,1.0,0.9,0.6,0.0,,25,118,5,5,0,7,0,False
fd140d1e-0176-4945-8317-1e3cc52db8e6,main,2026-02-21T15:52:36.763Z,,,operations,0.89,good,1.0,1.0,0.9,0.6,0.0,,55,74,6,6,0,10,0,False
422bdd68-14fd-4697-b046-fac567f49d1e,main,2026-02-21T22:43:05.233Z,,,operations,0.89,good,1.0,1.0,0.9,0.6,0.0,,26,53,2,2,0,10,0,False
87886d31-e8c8-4632-89ce-f54e35af2093,main,2026-02-21T21:04:33.833Z,,,operations,0.89,good,1.0,1.0,0.9,0.6,0.0,,37,187,7,7,0,10,0,False
9e4de50e-7130-4d15-90d4-4bbb288b5c02,main,2026-02-21T21:07:00.097Z,,,operations,0.89,good,1.0,1.0,0.9,0.6,0.0,,35,133,6,6,0,8,0,False
b93559fa-5b5d-4e43-80d3-0829f78ac2c1,main,2026-02-21T22:15:15.421Z,,,operations,0.89,good,1.0,1.0,0.9,0.6,0.0,,20,40,1,1,0,8,0,False
43bef5f0-7125-410e-ba39-267625e2b2a0,xavier,2026-02-21T16:05:02.197Z,,,heartbeat,0.8918,good,1.0,0.9373,0.85,0.6,0.0,,261,1567,99,97,6,160,0,False
ca33a73f-7de9-4f28-99d7-e6947d29e0f6,tony,2026-02-21T05:14:31.277Z,glm-5,zai,chat,0.8925,good,1.0,1.0,0.75,0.7,0.034802799999999995,25.64,25654,879,3,3,0,6,0,False
82ba4ae0-838b-4979-a96b-4b274c954a3d,main,2026-02-22T01:39:47.896Z,,,chat,0.8925,good,1.0,0.75,0.95,0.7,0.0,,9,19,0,0,0,3,0,False
51948930-75d1-4b77-aed9-8f75ccede016,luis,2026-02-21T16:07:22.329Z,,,heartbeat,0.8928,good,1.0,0.9412,0.85,0.6,0.0,,708,4993,271,267,10,438,0,False
fc217bab-99d8-4580-acda-625308592ec7,tim,2026-02-21T09:33:37.924Z,gpt-5.3-codex,openai-codex,operations,0.895,good,1.0,1.0,0.65,1.0,1.5155749,0.59,502214,16885,9,9,0,80,6,False
2eb7f907-42ba-4841-8554-31485705f83e,main,2026-02-21T21:10:30.534Z,,,heartbeat,0.9043,excellent,1.0,0.9871,0.85,0.6,0.0,,134,1451,58,57,0,72,0,False
e818dc9a-4432-4f30-bcdf-500385c9f718,roman,2026-02-21T05:14:18.380Z,MiniMax-M2.5,minimax-portal,chat,0.905,excellent,1.0,1.0,0.8,0.7,0.0,,1744,938,2,2,0,5,0,False
bb471641-9beb-4aa8-b89c-a477e1c9ceda,main,2026-02-22T01:14:44.591Z,,,operations,0.905,excellent,1.0,1.0,0.95,0.6,0.0,,8,18,1,1,0,4,0,False
4290eafc-b250-428a-9427-6cdcc9a83a69,main,2026-02-21T21:57:31.889Z,,,operations,0.905,excellent,1.0,1.0,0.95,0.6,0.0,,21,12,1,1,0,3,0,False
e1c72157-8b2f-49da-9737-427bb02fbc5e,main,2026-02-21T21:30:57.723Z,,,operations,0.905,excellent,1.0,1.0,0.95,0.6,0.0,,21,7,1,1,0,3,0,False
a3166b99-9140-486b-8e07-c589e7da1ed4,main,2026-02-21T21:35:57.658Z,,,operations,0.905,excellent,1.0,1.0,0.95,0.6,0.0,,21,7,1,1,0,3,0,False
8543ca40-21ab-4b8e-bd87-4d95e753c6cd,main,2026-02-21T21:10:57.697Z,,,operations,0.905,excellent,1.0,1.0,0.95,0.6,0.0,,21,7,1,1,0,3,0,False
c6f89d03-7151-44ac-b0db-e272492068b0,xavier,2026-02-21T21:48:46.329Z,,,heartbeat,0.9075,excellent,1.0,1.0,0.85,0.6,0.0,,30,212,9,9,0,12,0,False
810c8e36-4e58-48ba-a4f9-cf7bb72aca34,main,2026-02-21T22:52:18.507Z,,,heartbeat,0.9075,excellent,1.0,1.0,0.85,0.6,0.0,,31,271,10,10,0,13,0,False
71f69928-3f61-4904-a2b9-19dadd1d875a,main,2026-02-21T22:15:57.669Z,,,heartbeat,0.9075,excellent,1.0,1.0,0.85,0.6,0.0,,29,612,8,8,0,11,0,False
ce579314-395c-4c07-9968-9117b76870e4,main,2026-02-21T22:27:11.217Z,,,heartbeat,0.9075,excellent,1.0,1.0,0.85,0.6,0.0,,31,208,9,9,0,13,0,False
2a2cd641-4983-42c4-aad3-73c9dbc0fdaf,main,2026-02-22T00:43:45.241Z,,,heartbeat,0.9075,excellent,1.0,1.0,0.85,0.6,0.0,,172,1896,91,91,0,146,0,False
f82db9bd-3908-47e0-ba81-4b9a7df259b1,main,2026-02-21T22:00:57.679Z,,,heartbeat,0.9125,excellent,0.8333,1.0,0.95,0.8,0.0,,22,268,1,1,0,4,0,False
39505616-dfbf-4e7b-b69e-bba551245004,main,2026-02-21T21:07:46.805Z,,,heartbeat,0.9125,excellent,0.8333,1.0,0.95,0.8,0.0,,22,22,1,1,0,4,0,False
ae084060-3128-4677-a5cb-616ff73757a1,main,2026-02-22T01:23:33.862Z,,,heartbeat,0.9125,excellent,0.8333,1.0,0.95,0.8,0.0,,8,38,1,1,0,4,0,False
430fc419-6ac7-46cc-98f1-9bab8ff49474,main,2026-02-21T21:40:57.719Z,,,heartbeat,0.9125,excellent,0.8333,1.0,0.95,0.8,0.0,,22,22,1,1,0,4,0,False
7e5bfabf-ff86-4db1-9a3f-7e8f436bba10,main,2026-02-21T21:25:57.707Z,,,heartbeat,0.9125,excellent,0.8333,1.0,0.95,0.8,0.0,,22,22,1,1,0,4,0,False
6a304ea4-c34d-4857-8e55-af78dd6626a1,main,2026-02-22T01:15:57.702Z,,,heartbeat,0.9125,excellent,0.8333,1.0,0.95,0.8,0.0,,8,36,1,1,0,4,0,False
b5071faa-bb3f-4268-ae2d-6b589eaea90b,main,2026-02-22T01:02:57.689Z,,,heartbeat,0.9125,excellent,0.8333,1.0,0.95,0.8,0.0,,8,38,1,1,0,4,0,False
18ba7458-c8c9-48b9-be8c-6be28bc6903f,main,2026-02-22T00:20:57.896Z,,,heartbeat,0.9125,excellent,0.8333,1.0,0.95,0.8,0.0,,8,38,1,1,0,4,0,False
78cf0228-9548-43b6-b55b-655660595b81,main,2026-02-21T22:05:57.767Z,,,heartbeat,0.9125,excellent,0.8333,1.0,0.95,0.8,0.0,,22,22,1,1,0,4,0,False
eb7fcad0-0d85-4732-97ca-f67c352bd7cb,main,2026-02-22T00:02:04.660Z,,,heartbeat,0.9125,excellent,0.8333,1.0,0.95,0.8,0.0,,8,38,1,1,0,4,0,False
b1021ccb-8432-487b-a52d-23c0dd291e56,main,2026-02-21T22:10:57.715Z,,,heartbeat,0.9125,excellent,0.8333,1.0,0.95,0.8,0.0,,22,22,1,1,0,4,0,False
d22e0c03-a842-4cc9-af1b-5af336d76ffd,main,2026-02-21T21:50:57.722Z,,,heartbeat,0.9125,excellent,0.8333,1.0,0.95,0.8,0.0,,22,22,1,1,0,4,0,False
bda14a43-64d3-4d68-85a8-d286b7f1ce93,main,2026-02-22T01:05:57.747Z,,,heartbeat,0.9125,excellent,0.8333,1.0,0.95,0.8,0.0,,8,34,1,1,0,4,0,False
c9ce986c-67c7-4506-a987-c43d06c1a299,main,2026-02-21T21:45:57.714Z,,,heartbeat,0.9125,excellent,0.8333,1.0,0.95,0.8,0.0,,22,22,1,1,0,4,0,False
66f14d14-20cd-40b2-bb72-f1de16bd8510,main,2026-02-21T21:15:57.687Z,,,heartbeat,0.9125,excellent,0.8333,1.0,0.95,0.8,0.0,,22,22,1,1,0,4,0,False
0642f51d-641d-46e3-81a4-1d935d1ae824,main,2026-02-22T00:57:44.656Z,,,chat,0.9138,excellent,1.0,0.9812,0.85,0.7,0.0,,104,703,40,39,0,79,0,False
8b8c0573-3a07-4c7c-bc73-578bcb780bff,main,2026-02-21T15:38:05.714Z,MiniMax-M2.5,minimax-portal,discovery,0.9193,excellent,1.0,0.9288,0.65,1.0,0.0,,177018,3595,105,102,3,143,6,False
104070d5-9aee-4917-960a-ab292ddd3a6e,main,2026-02-21T21:20:57.865Z,,,operations,0.92,excellent,1.0,1.0,1.0,0.6,0.0,,20,6,1,1,0,2,0,False
608aa8a0-f0e6-4a8b-a643-3f0436699f0f,xavier,2026-02-21T21:33:46.322Z,,,heartbeat,0.925,excellent,1.0,1.0,0.9,0.6,0.0,,25,125,5,5,0,7,0,False
15146dd1-0068-4d2f-8dea-b2618ddedb87,xavier,2026-02-21T21:43:46.344Z,,,heartbeat,0.925,excellent,1.0,1.0,0.9,0.6,0.0,,27,197,7,7,0,9,0,False
82c48eaa-b1f6-488d-a4f8-17fbc9e4df79,main,2026-02-21T22:38:11.028Z,,,heartbeat,0.925,excellent,1.0,1.0,0.9,0.6,0.0,,26,171,6,6,0,8,0,False
39af13f6-3654-4b5c-9c75-cb8fe277a602,main,2026-02-21T22:57:16.142Z,,,heartbeat,0.925,excellent,1.0,1.0,0.9,0.6,0.0,,28,228,8,8,0,10,0,False
7d0b091c-d082-4806-9018-0b543ac7cc6b,main,2026-02-21T23:01:09.864Z,,,heartbeat,0.925,excellent,1.0,1.0,0.9,0.6,0.0,,28,236,8,8,0,10,0,False
f52e44a8-126e-4063-bbdb-d3382a9e5189,main,2026-02-21T22:40:58.038Z,,,heartbeat,0.925,excellent,1.0,1.0,0.9,0.6,0.0,,25,126,5,5,0,7,0,False
926eb820-937d-482a-9922-f2c9c1755f09,main,2026-02-21T22:46:30.195Z,,,heartbeat,0.925,excellent,1.0,1.0,0.9,0.6,0.0,,27,199,7,7,0,9,0,False
5ab605c7-82b7-4a2e-aa2b-23b16c853083,tim,2026-02-21T20:33:06.758Z,gpt-5.3-codex,openai-codex,coding,0.926,excellent,1.0,0.8925,0.65,1.0,0.13771660000000002,6.72,32596,2388,16,15,1,11,4,False
c434e56c-084e-4402-9236-1451c01aed42,luis,2026-02-21T10:04:14.727Z,anthropic/claude-opus-4-6,openrouter,coding,0.9291,excellent,1.0,0.9078,0.65,1.0,0.0,,186310,39028,90,85,5,67,41,False
e947d28a-dc27-41cc-a751-813b052ada35,main,2026-02-21T08:49:08.475Z,,,chat,0.93,excellent,1.0,1.0,0.9,0.7,0.0,,24,33,3,3,0,6,0,False
0f5fb7f5-1dcf-439f-af04-7e4b99155908,tim,2026-02-22T03:55:35.784Z,MiniMax-M2.5,minimax-portal,coding,0.9343,excellent,1.0,0.9342,0.65,1.0,0.0,,911313,6900,48,47,1,48,4,False
c7de8fc5-596b-445c-bf18-85b7ab938312,tim,2026-02-21T20:48:06.724Z,gpt-5.3-codex,openai-codex,coding,0.9353,excellent,1.0,0.8641,0.75,1.0,0.09611874999999999,9.73,30125,2004,11,10,1,6,4,False
40975b96-e919-4b4e-8c15-f1365b97105d,tim,2026-02-21T19:33:06.764Z,gpt-5.3-codex,openai-codex,coding,0.9353,excellent,1.0,0.8641,0.75,1.0,0.1236053,7.57,41678,2120,11,10,1,9,4,False
c90bc5c5-1da0-4b04-a616-132e59b38f1e,tim,2026-02-21T20:03:06.775Z,gpt-5.3-codex,openai-codex,coding,0.9368,excellent,1.0,0.8717,0.75,1.0,0.12153119999999999,7.71,39568,2210,12,11,1,9,4,False
ed900d44-618b-49c9-851c-8c522a0ae448,tim,2026-02-21T18:50:36.421Z,gpt-5.3-codex,openai-codex,coding,0.9381,excellent,1.0,0.8781,0.75,1.0,0.11523995,8.14,38045,2247,13,12,1,8,4,False
79cedf86-629a-44c9-9f51-e2995d9bd631,tim,2026-02-21T20:18:06.749Z,gpt-5.3-codex,openai-codex,coding,0.9392,excellent,1.0,0.8836,0.75,1.0,0.15415399999999999,6.09,54416,2369,14,13,1,9,4,False
53f11ee2-94eb-4f8c-b771-5c9dfa414bc1,main,2026-02-21T16:03:23.768Z,,,chat,0.9425,excellent,1.0,1.0,0.95,0.7,0.0,,32,37,2,2,0,5,0,False
c3ee9e53-7d0e-420b-a612-4bb3ddaf4bb1,tim,2026-02-21T11:03:24.978Z,gpt-5.3-codex,openai-codex,coding,0.9475,excellent,1.0,1.0,0.65,1.0,1.1234856499999997,0.84,372963,10299,34,34,0,51,17,False
5e41a4c4-07b8-439e-ae78-81c659e459c0,tim,2026-02-21T11:03:06.758Z,gpt-5.3-codex,openai-codex,coding,0.9475,excellent,1.0,1.0,0.65,1.0,1.0615087,0.89,232042,11388,51,51,0,68,34,False
e9901b6c-8d99-4059-828f-b54ce713bae3,tim,2026-02-21T09:33:20.787Z,gpt-5.3-codex,openai-codex,coding,0.955,excellent,1.0,1.0,0.7,1.0,0.21710605,4.4,72011,3847,13,13,0,19,7,False
16721fe5-43ca-4f2d-a24a-3f6d35ab16c7,tim,2026-02-21T09:48:06.745Z,gpt-5.3-codex,openai-codex,coding,0.955,excellent,1.0,1.0,0.7,1.0,0.17259340000000004,5.53,50252,3029,15,15,0,20,10,False
